labid,Sat_w,pHw,pHCaCl,pHKCl,CE_susp,CE_sat,C_Ox,0CaCO3,CEC,Ca,Mg,Na,K,Total_bases,Sat,ESP,co3,clay,silt,sand18,sand30,sand60,sand140,sand200,sand260
64232,42,7.81,6.9,6.84,0.41,0.68,0.09,0,27.5,17.8,4.3,0.7,2.1,24.9,90.5,2.5,,29.6,56,0,0.1,0.1,0.5,4.4,9.3
64233,50,7.31,6.4,5.55,0.26,0.52,0.14,0,24.7,16.7,4,0.5,1.8,23,93.1,2,,26.5,59.4,0,0.1,0.1,0.6,3.9,9.4
64234,60.3,8.66,7.78,7.52,0.71,1.21,0.27,1,31,,,3,2.8,,,9.7,2.8,38.5,52.3,0,0.1,0.1,0.3,1.6,4.3
64239,46.7,9.61,8.62,8.51,0.52,0.97,0.17,1,28.2,,,7.1,3.4,,,25.2,1.2,35.6,55.5,0,0,0.3,0.3,2.7,4.4
64240,48.3,9.48,8.1,8.04,0.29,0.62,0.4,3,21.7,,,4.2,2.1,,,19.4,29.6,23.4,39.8,0,0.3,0.9,1.9,1.7,2.4
64245,36.7,6.85,5.75,5.61,0.11,0.43,0.07,0,19.3,11.2,3.2,0.2,1.7,16.3,84.5,1,,19.2,56.4,0,0,0.1,1.6,6.9,15.8
64247,43.3,5.6,4.6,4.46,0.31,0.7,1.18,0,19.2,9.8,2.8,0.4,1.1,14.1,73.4,2.1,,23.1,66.4,0,0,0.1,0.6,5.3,4.5
64248,40,6.85,5.76,5.35,0.12,0.36,0.36,0,29,18.2,4,0.5,1.3,24,82.8,1.7,,26.5,56.1,0,0,0.2,1.5,6.5,9.2
64249,46.7,7.12,5.95,5.24,0.23,0.47,0.15,0,26.3,14.2,3.5,0.5,1.6,19.8,75.3,1.9,,23.4,59.6,0,0,0.2,1.2,5.2,10.4
64251,42,9.37,7.9,7.07,0.18,0.44,0.19,3,29.1,,,4.7,2.1,,,16.2,15.4,26.5,49.1,0,0,0,0.3,3.1,5.6
64254,46.7,9.16,8.05,7.34,0.6,0.97,0.51,1,31.1,,,5.7,3.2,,,18.3,1.5,28,57.9,0,0,0,0.3,4.8,7.5
64259,46.7,5.95,4.92,4.41,0.11,0.23,1.3,0,22.9,11.5,2.6,0.5,1.5,16.1,70.2,2.2,,22.5,65,0,0,0.1,0.7,3.7,8
64260,44,6.3,5.06,5,0.1,0.21,1.13,0,19.3,11.8,2.1,0.2,1,15.1,78,0.8,,23,62.5,0,0.1,0.1,0.5,5.6,8.2
64264,40.7,5.8,5.14,5,0.1,0.27,1.5,0,21.9,11.4,2.8,0.1,1.1,15.4,70.5,0.6,,23.2,55.8,0,0,0.2,2,6.9,11.9
64266,40,9.28,8.29,8,0.28,0.72,0.57,0,21.3,12.2,3.2,3.6,1.5,20.5,96.2,16.9,,24,56.4,0,0,0.2,0.8,7.1,11.5
64272,43,6.02,5.43,5.03,0.6,1.02,0.47,0,27.8,14.8,3.8,0.5,2.7,21.8,78.4,1.8,,29.2,62.1,0,0,0,0.6,2.5,5.6
64273,43.3,5.66,4.7,4.51,0.23,0.53,1.29,0,20.8,11.1,2,0.3,1.3,14.7,70.7,1.4,,20.1,63,0,0,0,0.8,6.3,9.8
64276,46.7,5.78,4.98,4.86,0.28,0.5,1.3,0,22.2,12,2.2,0.4,1.7,16.3,73.4,1.8,,25.3,58.2,0,0,0,0.2,6.3,10
64277,63.8,5.71,5.41,5.27,0.65,1.25,2.05,0,24.3,12,2.1,0.7,2.4,17.2,70.8,2.9,,26.5,61.2,0,0,0.3,0.9,3.5,7.6
64278,51.7,8.56,7.55,7.29,0.48,1.19,0.2,2,19,,,0.6,1.1,,,3.2,1.5,19.5,46.5,0,0,0.1,3.4,12.4,16.6
64279,51,9.35,8.38,7.75,1.51,2.47,0.75,1,29,,,4,2.9,,,13.8,1.7,24.4,55.9,0,0.2,0.3,0.5,6,11
64281,41,8.46,7.42,7.31,0.19,0.51,0.07,1,30.1,,,1.2,1.1,,,4,0.8,26.5,58.2,0.1,0.6,0.6,1,3.2,9
64284,50.3,7.67,6.69,5.89,0.37,0.58,0.57,0,22.1,12.9,3.3,0.7,1.5,18.4,83.3,3.2,,24.3,65.2,0.1,0.2,0.2,1.4,1.6,7
64285,38.3,5.83,5.01,4.88,0.09,0.28,0.99,0,24.8,11.7,1.9,0.3,2.1,16,64.5,1.2,,23,57.2,0,0,0.1,0.4,7.8,11.5
64287,48.3,6.81,5.8,5.72,0.28,0.61,0.47,0,21.8,14.1,2.7,0.3,1.1,18.2,83.5,1.4,,25.4,62.3,0,0,0,0.2,3.8,8.3
64289,45,8.33,7.2,7.01,0.36,0.93,0.41,0,23.4,14.6,3.3,0.9,2.4,21.2,90.6,3.8,,25,60.5,0,0,0.2,0.6,4.1,9.6
64292,44,7.58,6.71,6.32,0.18,0.47,0.07,0,27.2,13,3.2,2.6,3,21.8,80.1,9.6,,27.1,60.3,0,0,0.2,0.8,2.9,8.7
64294,48.3,7.07,5.71,5.05,0.1,0.39,0.37,0,29.3,16.5,4.2,1,1.7,23.4,79.9,3.4,,30.5,57.2,0,0.1,0.3,0.6,5,6.3
64298,36.7,7.34,6.48,6.03,0.12,0.39,0.1,0,17.8,9.2,1.7,0.8,1.5,13.2,74.2,4.5,,22.1,61.9,0,0,0.2,1,4.8,10
64301,50,7.56,6.62,6.21,0.19,0.41,0.29,0,20.1,11.4,2.8,0.7,1.1,16,79.6,3.5,,26.5,66.2,0,0.1,0.2,0.2,2.4,4.4
64304,38.3,9.1,7.5,6.8,0.32,0.59,0.12,0,15.6,6.5,1.3,3.1,2.7,13.6,87.2,19.9,,18.1,51.1,0,0,0.1,3.6,10.6,16.5
64306,44,6.66,5.55,4.93,0.3,0.7,1.07,0,22.5,11.9,2.9,0.3,2.1,17.2,76.4,1.3,,20.6,61.4,0,0,0,0.5,5.4,12.1
64307,54,6.05,5.2,5,0.18,0.36,1.67,0,23,10.7,2.4,0.6,2.4,16.1,70,2.6,,23.8,61.2,0,0,0.2,0.4,4.8,9.6
64308,40.7,9.63,8.15,8.01,0.28,0.72,1.23,3,28.5,,,6.2,3.5,,,21.8,22.3,25.2,49.5,0.1,0,0.1,0.5,0.9,1.4
64309,40,7.5,6.62,6.58,0.15,0.32,0.05,0,20.8,13.7,3.9,0.4,1.8,19.8,95.2,1.9,,20.1,60.8,0,0,0,0.6,7.2,11.3
64310,37.3,9.18,8.71,7.31,2.81,3.34,0.05,2,19,,,5.2,2.8,,,27.4,2.2,17.5,48.2,0,0.1,0.1,0.8,13.2,17.9
64312,42,5.6,4.71,4.56,0.19,0.51,1.38,0,23,12.8,2.5,0.3,1.2,16.8,73,1.3,,22.8,63,0,0,0.3,0.7,4.8,8.4
64313,51.7,6.86,5.52,5.09,0.15,0.41,0.36,0,27.4,14.8,3,0.5,2.6,20.9,76.3,1.8,,32.6,60,0,0,0.3,0.6,2.2,4.3
64318,56.7,8.06,7.01,6.46,0.33,0.53,0.12,1,27.5,,,1.2,2.6,,,4.4,0.9,26.5,59.9,0,0.1,0.6,1.2,4.3,6.5
64319,42,6,5,4.86,0.09,0.28,0.07,0,23.5,12.3,2.7,0.3,1.7,17,72.3,1.3,,23.6,60.1,0,0,0.1,0.8,5.3,10.1
64320,37.3,7.1,6,5.84,0.16,0.34,0.17,0,24.2,12.9,3.7,0.5,2.2,19.3,79.8,2.1,,27,60,0,0.1,0.2,0.4,3.4,8.9
64321,53.7,9.39,7.9,7.19,0.34,0.71,0.1,1,23.3,,,7.8,2.9,,,33.5,0.6,17.3,56.6,0,0.2,0.7,1.3,10,13.3
64326,40.3,9,7.5,6.68,0.3,0.71,0.19,1,25.8,,,4.4,2.2,,,17.1,0.8,28.1,58.9,0,0.1,0.1,0.4,3.9,7.7
64328,46.7,5.8,5.1,4.97,0.18,0.4,1.49,0,23.2,10.3,2.8,0.5,2,15.6,67.2,2.2,,18.9,64.4,0,0,0.1,0.4,7,9.2
64330,35.7,9.41,8.27,7.98,0.25,0.37,0.16,2,14.3,,,2.9,2.6,,,20.3,1.5,16,51.7,0,0.2,0.9,2.4,10,17.3
64332,42,8.03,7.21,7.01,0.28,0.57,0.05,1,28,,,1,2.3,,,3.6,1.6,30.2,60,0,0,0.3,0.6,2.3,5
64337,45.3,7.03,5.77,4.97,0.18,0.57,0.09,0,21.1,10.7,2.9,0.5,1.9,16,75.8,2.4,,26.5,62.3,0,0.1,0.3,0.3,3.3,7.2
64339,39,5.73,5,5.17,0.3,0.58,1.78,0,24.1,12.9,3.2,0.3,2,15.2,63.1,1.3,,19.2,61.2,0,0,0.2,0.3,7.7,11.4
64345,48.7,7.09,6.72,6.38,0.21,0.5,0.21,0,28.3,17.4,3,0.8,2.9,24.1,85.2,2.8,,33.4,54.1,0,0,0,0.1,5.2,7.2
64348,41.7,8.6,7.4,6.91,0.12,0.25,0.15,2,25.6,,,1.5,3,,,5.9,5.3,25.6,52.3,0,0.1,0.3,1.2,5.3,9.9
64351,43.3,6.02,5.2,5.01,0.11,0.38,1.4,0,20.1,11.4,1.9,0.3,1.2,14.8,73.6,1.5,,19.9,65,0.1,0.2,0.4,0.6,5.1,8.7
64352,36.7,7.53,6.15,5.35,0.18,0.29,0.05,0,19.3,11.1,2.5,0.3,1.8,15.7,81.3,1.6,,17.3,45.8,0,0,1,7.5,10.4,18
64353,60,7.98,7.16,6.98,0.59,1.15,0.83,2,31.2,,,1.8,3.1,,,5.8,3.2,27.2,59.8,0,0.1,0.4,1.5,2.4,5.4
64357,45.3,7.07,6.68,6.41,0.18,0.42,0.36,0,26.2,14.9,3.4,0.5,2.1,20.9,79.8,2,,30.6,58.7,0,0,0,0.1,4.6,6
64360,41.7,6.4,5.52,5.08,0.12,0.23,0.88,0,22,12,1.8,0.8,1.7,16.3,74.1,3.6,,23.2,60.9,0,0.1,0.1,0.4,6.1,9.2
64367,41.3,7.89,7,6.97,0.08,0.26,0.05,0,16.1,8.8,2.6,0.9,2,14.3,88.8,5.6,,17.3,53.2,0,0.1,0.1,1.1,10.6,17.6
64370,36.7,6.12,5.4,5.29,0.2,0.39,2.1,0,21.2,10.8,2.3,0.4,1.5,15,70.8,1.9,,21.7,63,0,0,0.1,1.5,4.4,9.3
64373,47.3,5.89,4.88,4.72,0.28,0.56,1.21,0,19.3,9.4,2,0.3,1.4,13.1,67.9,1.6,,20.3,64.2,0,0,0,0.2,6.8,8.5
64375,42,8.72,8,7.87,0.23,0.6,0.05,0,23.2,14.2,3.9,1.3,2.8,22.2,95.7,5.6,,17.8,52.8,0,0.1,0.1,1.6,9,18.6
64378,44,7.76,6.77,6.62,0.14,0.45,0.05,1,24.5,,,2.4,1.5,,,9.8,1.6,19.2,62.6,0,0,0.6,1.9,5.5,8.6
64379,48.3,6.8,6.31,6.2,0.62,1.07,2.18,0,22.1,11.1,2.5,0.8,2.7,17.1,77.4,3.6,,24.4,58.9,0,0.2,0.3,1.2,4.8,10.2
64381,43.3,7.55,6.75,6.15,0.3,0.55,0.32,1,25.8,,,0.6,2.9,,,2.3,1.4,29.2,56.3,0,0,0.1,0.4,3.3,9.3
64383,37.3,8.93,7.63,7.5,0.29,0.53,0.05,1,14.6,,,1.3,2.9,,,8.9,2.8,15.8,52.6,0,0,0.2,1.5,8.8,18.4
64384,42.7,9.13,7.75,7.09,0.45,0.87,0.22,1,22.1,,,4.2,2.1,,,19,1,19,60,0,0.1,0.2,1,8,10.7
64385,43.7,7.16,6.21,6,0.09,0.29,0.24,0,26.9,14.1,3.6,0.7,3.1,21.5,79.9,2.6,,28.6,54.2,0,0,0,0.7,6.4,10.1
64387,50,7.01,6.47,6.38,0.32,0.64,2.14,0,24.2,12.9,3.1,0.4,2.1,18.5,76.4,1.7,,18.9,58.9,0,0,0.2,1.8,8.2,12
64392,40.7,7.45,6.3,6.08,0.11,0.39,0.05,0,21,12.6,2.7,0.6,1.7,17.6,83.8,2.9,,24.9,61.2,0,0,0,0.5,5,8.4
64396,49.3,7.2,5.98,5.47,0.12,0.26,0.13,0,27.2,15.5,3,0.7,2.2,21.4,78.6,2.6,,20.1,62.3,0,0,0.3,1,7,9.3
64397,51.7,5.62,5,4.72,0.19,0.36,1.18,0,19.8,9.3,2.2,0.3,2,13.8,69.7,1.5,,20.6,63,0.1,0.2,0.3,1.1,4.1,10.6
64399,32,5.93,4.9,4.81,0.15,0.33,0.18,0,21.1,11.8,2,0.4,1.4,15.6,73.9,1.9,,22.3,51.3,0,0,0.1,2.5,6,17.8
64403,46.7,7.15,6,5.76,0.12,0.28,0.16,0,21.3,11.9,2.6,0.6,1.9,17,79.8,2.8,,24.3,61.7,0,0,0,1.2,3.5,9.3
64404,45,8.48,7.52,7.31,0.3,0.6,0.34,0,22.2,13.4,3.2,1.2,2.3,20.1,90.5,5.4,,25.3,59.7,0,0,0.6,1.1,6.5,6.8
64409,47,8.55,7.6,7.1,0.31,0.69,0.1,3,24.5,,,1,1.9,,,4.1,4.1,26.2,61.2,0,0,0,0.4,2,6.1
64413,47,7.47,6.21,5.43,0.16,0.44,0.17,0,21.4,11.6,3,0.5,2.4,17.5,81.8,2.3,,26.6,62.5,0,0.1,0.3,0.9,3.4,6.2
64414,37.7,8.34,7.04,6.89,0.47,0.79,0.36,1,18.5,,,1.1,2.9,4,21.6,5.9,1.1,21.9,55.3,0,0,0.2,0.5,7.2,13.8
64416,44,6.01,4.96,4.87,0.09,0.19,1.09,0,17.9,9.2,2.1,0.4,0.9,12.6,70.4,2.2,,20.5,63.5,0,0.1,0.1,0.5,5.1,10.2
64418,48.3,8.17,7.34,6.94,0.77,1.47,1.35,0,17.7,10.5,2.7,2.3,2,17.5,98.9,13,,19.8,54.2,0,0.1,0.2,3.5,8.2,14
64419,44.3,7.6,6.34,5.77,0.23,0.57,0.27,0,19.1,9.8,3.2,0.6,1.5,15.1,79.2,3.1,,27.1,61.2,0,0.1,0.2,1.1,3.7,6.6
64420,46.7,5.51,4.6,4.4,0.11,0.23,1.22,0,18.9,9.1,2,0.2,0.9,12.2,64.6,1.1,,21.2,60.9,0,0,0.1,0.9,6.7,10.2
64425,43.7,6.17,5.3,5.19,0.12,0.3,1.68,0,21.1,12.7,2.2,0.4,1.1,16.4,77.7,1.9,,20.6,62.9,0,0,0.6,1,4.1,10.8
64426,44,5.64,4.98,4.59,0.2,0.42,0.32,0,18.8,8.8,2.1,0.5,1.6,13,69.1,2.7,,25.9,64.9,0,0,0.1,0.3,3.1,5.7
64427,47,7.04,6.1,5.84,0.2,0.39,0.45,0,20.1,10.9,2.8,0.6,1.9,16.2,80.6,3,,26.3,54.6,0,0,0.2,0.9,6.8,11.2
64430,51.7,7.16,6,5.8,0.26,0.51,0.38,0,27.2,13.4,3.6,0.8,2.9,20.7,76.1,2.9,,30.2,60.2,0,0,0.2,0.2,4,5.2
64433,46.7,6.4,5.5,5.21,0.14,0.28,1.17,1,26.8,,,0.8,2.7,,,3,0.6,23.2,67.7,0,0,0,0.2,2.9,5.4
64434,47,6.76,6.07,5.83,0.14,0.37,0.37,0,28,14.3,3.2,0.4,2.5,20.4,72.7,1.4,,27.2,58.9,0,0.1,0.2,0.9,3.1,9.6
64437,50,7.3,7.07,6.02,0.41,0.72,0.13,0,15.4,8.5,1.7,0.4,1.8,12.4,80.5,2.6,,17.8,58.3,0,0.2,0.5,2.6,7.8,12.8
64438,41,7.29,5.75,5.06,0.2,0.35,0.19,0,19.1,11.4,2.6,0.7,1.4,16.1,84.3,3.7,,22.1,59.1,0,0,0,0.6,5.8,12.4
64439,50,6.85,5.56,4.98,0.25,0.53,0.36,0,24.2,12.3,2.8,0.7,2.7,18.5,76.4,2.9,,28.2,60.2,0,0,0,0.3,3.4,7.9
64443,41,7.7,6.6,6.15,0.3,0.55,0.1,0,24.7,13,3,0.5,2.6,19.1,77.3,2,,26.9,58.9,0,0.1,0.4,0.7,4.8,8.2
64444,46.7,5.8,5,4.88,0.29,0.61,1.82,0,25,11.7,2.8,0.6,1.8,16.9,67.6,2.4,,22.9,67.8,0,0.1,0.2,0.7,3,5.3
64446,43.7,7.18,6.08,5.95,0.09,0.3,1.35,0,22.5,11.3,3.1,1.2,2.7,18.3,81.3,5.3,,20.8,60.7,0,0.1,0.3,0.8,6.3,11
64447,50.3,7,6,6.27,0.22,0.46,0.89,0,26.5,13.7,3.5,0.9,2.9,21,79.2,3.4,,25.7,63.2,0,0.1,0.1,0.6,2.8,7.5
64450,60.7,7.78,6.7,6.1,0.3,0.55,0.23,0,21.1,12.8,2.9,1.2,1.9,18.8,89.1,5.7,,22.3,63.9,0,0,0.9,1.2,3.6,8.1
64452,47,8.95,7.72,7.58,0.32,0.89,1.33,1,28.3,,,5.1,2.9,,,18,1.7,32.4,56.8,0,0.1,0.3,0.5,2.8,5.4
64454,41.7,7.52,6,5.8,0.3,0.51,0.05,0,23.1,12.7,3.9,0.3,1.5,18.4,79.7,1.3,,22.8,61.2,0,0,0.2,0.9,4.6,10.3
64457,48.3,9.25,7.76,7.15,0.37,0.8,0.3,0,24.3,8,4.8,6.4,3.5,22.7,93.3,26.3,,26.3,57.1,0.1,0.6,0.8,1.1,5,9
64458,43.3,9.19,8.25,7.96,1.76,2.5,0.05,0,23.9,13.9,3.6,3.7,3.3,24.5,102.4,15.5,,28,57.8,0,0,0.1,0.3,6.2,7.6
64460,46.7,6.02,5.6,5.46,1.38,2.67,0.07,1,22.1,,,0.5,1.2,,,2.3,1.2,25.1,63.1,0,0,0.2,1.3,2.6,6.5
64469,53.3,6.27,5.4,5.18,0.22,0.52,0.48,0,25.2,13.7,3.1,0.7,1.5,19,75.4,2.8,,23.1,57.8,0,0,0,0.2,8.6,10.3
64470,37.7,5.59,4.93,4.71,0.14,0.55,1.06,0,18.2,9.8,1.3,0.2,1.2,12.5,68.5,1.1,,21.7,56.8,0.1,0.2,0.3,0.6,7,13.3
64473,41.7,7.32,6.48,6.31,0.07,0.23,1.03,0,20.1,10.8,2.6,0.8,1.7,15.9,79.1,4,,22.3,59.1,0,0,0,0.6,7.6,10.4
64475,41.3,7.7,6.65,6.46,0.19,0.47,0.38,0,21.1,12.5,3.2,0.6,1.1,17.4,82.3,2.8,,29.2,59.5,0,0.1,0.8,1.8,3.6,5
64479,43.7,7.3,5.97,5.33,0.13,0.29,0.31,0,23.4,12.1,3.8,0.9,2.1,18.9,80.8,3.8,,28.4,54.6,0,0.1,0.2,1,5.6,10.1
64480,38.7,8.77,7.09,6.43,0.16,0.33,0.17,0,19,7.9,4.1,1.9,2.2,16.1,84.7,10,,17.4,52.1,0,0.2,0.9,3.5,9.7,16.2
64481,43.7,8.78,7.89,7.32,0.33,0.68,0.08,3,17.1,,,1.1,2.3,,,6.4,8.6,17.2,59.9,0,0,0.8,1.9,4.1,7.5
64482,39.4,7.4,5.6,5.3,0.1,0.37,0.05,0,15.2,8.9,3.1,0.5,1.6,14.1,92.8,3.3,,16.5,57.4,0,0,0.6,3.2,7.8,14.5
64489,50.7,7.05,5.88,5.79,0.24,0.56,0.34,0,23.1,13.9,2.5,0.6,2,19,82.3,2.6,,27.5,58,0,0,0,0.3,5.8,8.4
64492,54,8.01,7.08,6.3,0.17,0.42,0.13,0,25.7,14.7,3.7,1,2.5,21.9,85.2,3.9,,28.9,57.5,0,0,0.1,0.4,5.3,7.8
64493,47.3,6.83,6.02,5.9,0.12,0.48,0.28,0,17.5,9,2.2,0.4,1.7,13.3,76,2.3,,27.4,60.2,0,0,0,0.6,4.7,7.1
64494,58.3,7.55,6.48,6.08,0.15,0.49,0.37,0,28.5,15.7,4.1,0.9,3,23.7,83.2,3.2,,30,61.8,0,0,0,0.2,3,5
64495,46.7,7,5.75,5.04,0.29,0.65,0.34,0,26.2,14.3,3.2,0.8,2.2,20.5,78.2,3.1,,27.5,61.7,0,0,0,0.3,4.1,6.4
64498,33.4,7.95,6.43,6.1,0.08,0.18,0.05,0,15.3,8.5,2.3,0.4,2.7,13.9,90.8,2.6,,17.6,59.4,0,0.6,0.9,1.4,8.9,11.2
64499,57.3,7.51,6.45,5.8,0.2,0.56,0.4,0,21.5,11.8,2.7,0.6,3,18.1,84.2,2.8,,27.7,63.5,0,0.1,0.2,0.7,3.2,4.6
64501,46.7,6.7,5.46,6.2,0.1,0.37,1.3,0,21.5,11.3,2.8,0.8,1.7,16.6,77.1,3.7,,19.5,52.4,0,0,0.3,2.4,9,16.4
64502,42.5,7.1,6.15,5.98,0.31,0.54,0.35,0,23.6,11.8,3,1,2.6,18.4,78,4.2,,24.5,65.6,0,0,0.3,0.8,3.1,5.7
64506,47.3,6.53,5.6,5.22,0.2,0.39,1.61,0,25.9,12.8,3,1.4,2.5,19.7,76.1,5.4,,22.1,52.4,0,0,0.1,1.6,9,14.8
64507,40.3,8.71,7.86,7.71,0.22,0.47,0.15,1,16.4,,,1.1,1.1,,,6.7,1.8,16,50.9,0,0.1,0.2,1,10.2,19.8
64510,50.3,5.7,5,4.86,0.16,0.4,1.24,0,23.3,11,2.3,0.6,2.4,16.3,70,2.6,,20.8,48.9,0,0,0.2,1.5,9.8,18.8
64512,33.3,7.93,7.07,6.92,0.12,0.37,0.05,1,14,,,0.4,1.7,,,2.9,2.6,16.3,51.2,0,0,0.1,1.9,11.3,16.6
64513,50.7,6.9,5.65,4.88,0.28,0.49,0.25,0,27,13.5,3.3,0.7,2.9,20.4,75.6,2.6,,32.9,60.1,0,0,0,0.6,2.6,3.8
64514,34,9.15,7.77,7.48,0.15,0.31,0.05,1,14.2,,,4.1,2.3,,,28.9,3.5,14.3,36.8,0,0,0.1,3.4,16.7,25.2
64518,36.7,6.44,5.58,5.41,0.12,0.36,1.24,0,19.2,10.4,2.6,0.5,2.1,15.6,81.3,2.6,,21.9,68.2,0,0.1,0.9,1.1,2.9,4.9
64519,44,6.62,5.6,5.41,0.24,0.75,0.05,1,16,,,0.9,1.7,,,5.6,1.9,18,44.3,0,0.1,0.2,2.3,10,23.2
64524,47.3,6.9,5.83,5.67,0.21,0.52,0.48,0,23.1,13.1,2.6,0.4,1.9,18,77.9,1.7,,27,52.4,0,0,0.1,1.2,7.2,12.1
64525,35,6.7,5.36,4.85,0.14,0.28,0.37,0,26.5,14,3.4,0.7,2.2,20.3,76.6,2.6,,28.5,59.1,0,0.1,0.3,0.8,4.4,6.8
64527,45,5.66,5,4.8,0.18,0.36,1.33,0,22.3,10.3,2.8,0.5,2.1,15.7,70.4,2.2,,22.1,60,0,0,0.1,0.8,6.3,10.7
64528,41.7,8.92,7.9,7.81,0.25,0.63,0.05,0,15.5,9.8,2,1,1.8,14.6,94.2,6.5,,17.5,43.2,0,0.2,0.8,3.6,12.6,22.1
64532,46.7,7.3,6.2,5.4,0.16,0.31,0.13,0,19,9.3,2.7,0.7,2.3,15,78.9,3.7,,21.3,45.1,0.2,0.6,0.8,2,13.5,16.5
64534,44,7,6.02,5.81,0.16,0.42,0.74,0,15.1,8.1,1.8,0.6,1.3,11.8,78.1,4,,20.8,60.2,0,0.1,0.2,0.7,6.6,11.4
64535,40,6.25,5.33,5.14,0.08,0.25,1.43,0,22.5,11.4,2.4,0.4,2.4,16.6,73.8,1.8,,22.4,66.5,0,0,0.2,0.1,4.4,6.4
64541,50.7,6.03,5.75,5.58,0.15,0.34,1.48,0,19.5,9.8,2.2,0.4,2.1,14.5,74.4,2.1,,22.9,60.6,0,0,0,0.5,6,10
64543,43.7,6.71,5.83,5.61,0.17,0.47,0.4,0,25.1,13.9,2.5,0.5,2,18.9,75.3,2,,27.9,56.4,0,0.6,0.8,1,3.8,9.5
64550,47.3,6.22,5.25,5.08,0.1,0.25,1.29,0,27.3,12.9,3.2,0.8,2.6,19.5,71.4,2.9,,23.2,54.2,0,0.1,0.3,3.2,8.4,10.6
64552,46.7,9.84,9.04,8.87,0.57,1.45,1.46,0,17.8,10.8,2.4,0.5,1.9,15.6,87.8,2.8,,22.6,65.4,0,0,0.2,0.6,4.9,6.3
64553,45,6.15,5.08,4.75,0.16,0.38,0.28,0,24.5,11.8,2.5,0.6,1.7,16.6,67.8,2.4,,27.6,63.2,0,0,0,0.3,3.2,5.7
64554,40,5.86,5.22,5,0.19,0.53,1.49,0,23.3,10.8,3,0.5,2.8,17.1,73.4,2.1,,19.3,55.1,0,0,0.1,1.7,10,13.8
64556,46.7,6.7,5.49,4.85,0.08,0.26,0.39,0,24.3,12.3,3.3,0.6,2.4,18.6,76.5,2.5,,28,51.1,0,0,0,0.6,7.6,12.7
64557,45,8.52,7.5,7.42,0.3,0.6,0.08,2,21,,,1,1.6,,,4.8,3.3,18.6,52.3,0,0.3,0.9,1.8,8.8,14
64558,45.3,6.94,5.63,4.89,0.28,0.47,0.21,0,24.2,13.1,3,1,2.9,20,82.6,4.1,,30.2,56.2,0,0,0.1,0.9,4.8,7.8
64559,34,9.37,7.92,7.61,0.32,0.8,0.67,0,17.3,8.8,2.2,3.4,1.7,16.1,93,19.7,,23.5,62.5,0,0.1,0.1,0.4,4.5,8.9
64560,46.7,7.11,6,5.29,0.19,0.47,1.02,1,15.7,,,0.4,2,,,2.5,1.2,18.1,65.2,0,0,0.2,0.3,5.3,9.7
64561,48,6.21,5.45,5.27,0.22,0.4,1.46,0,23.5,12.8,2.8,0.4,2.1,18.1,77,1.7,,21.6,64.6,0,0,0.1,0.7,3.6,9.4
64940,40.7,9.32,8.3,8.02,0.51,1.12,0.08,0,17.3,11.3,2,2.6,1.6,17.5,101.2,15,,16.3,70.4,0,0,0.1,0.7,3.2,9.3
64563,42,9.24,8.24,8.01,0.32,0.71,0.15,3,17.9,,,4.6,2.1,,,25.7,26.6,18.2,45.6,0,0.1,0.6,1.1,2.5,5.3
64566,46.7,7.18,6.72,6.61,0.2,0.56,0.29,0,23.4,12,3.6,0.4,2.7,18.7,79.9,1.7,,28.5,60.1,0,0,0,0.3,2.6,8.5
64568,47.7,7.2,6.29,6.01,0.26,0.59,0.27,1,27.1,,,0.9,3,,,3.3,0.9,31.2,56.8,0,0,0.2,0.6,3,7.3
64570,45.3,7.7,6.8,5.66,0.23,0.47,0.15,0,21.1,12.8,3,0.8,2,18.6,88.2,3.8,,21.2,68.2,0,0.2,0.6,1.2,2.9,5.7
64571,56.3,7.1,6.1,5.5,0.2,0.45,0.3,0,22.4,11.9,2.8,0.9,2,17.6,78.6,4,,29.4,61,0,0,0,0.3,3.5,5.8
64572,40.3,7.05,5.95,5.79,0.21,0.48,0.28,0,21.1,11.1,3.1,0.5,2.8,17.5,82.9,2.4,,28.2,61.1,0,0,0.2,0.4,2.6,7.5
64573,47,6.9,6.1,5.83,0.34,0.63,0.33,0,23.1,11.7,2.9,0.4,2.7,17.7,76.6,1.7,,28.4,57.9,0,0,0,0.7,3.5,9.5
64577,36.7,7,6.19,6.02,0.68,1.1,0.05,1,20,,,1.3,2.8,,,6.5,0.9,15.5,49.2,0,0.1,0.2,2.2,12.3,19.6
64578,42,7.6,6.61,6.52,0.11,0.32,0.06,0,15.4,10,2,0.4,1.8,14.2,92.4,2.6,,16.5,38.2,0,0.1,0.1,3,17.8,24.3
64579,46.7,5.53,4.92,4.75,0.21,0.46,1.36,0,22.5,10.2,2.5,0.7,1.6,15,66.7,3.1,,21.9,51.2,0,0,0,0.8,10.1,16
64580,40,8.5,6.51,6.43,0.04,0.16,0.05,2,24,,,1.6,2,,,6.7,6.4,16.4,62.1,0,0.1,0.6,1.4,4.2,8.8
64581,45,7.35,6,5.91,0.16,0.32,0.38,0,22.1,12.9,2.9,0.6,2.4,18.8,85.1,2.7,,29.1,61.8,0,0,0,0.2,2.7,6.2
64582,41,7.54,6.62,6.48,0.21,0.56,1.18,0,17.9,10,2.5,0.9,1.9,15.3,85.6,5,,19.5,60.8,0,0.1,0.1,0.3,8.9,10.3
64585,31.7,6.2,5.15,5.07,0.12,0.26,1.86,0,25.7,13.2,2.9,0.3,2.4,18.8,73.2,1.2,,23,63.5,0,0.1,0.3,0.9,5,7.2
64586,52,7.96,6.92,5.29,1.04,2.05,0.17,1,26.2,,,2.4,2.6,,,9.2,1.1,23.2,66.5,0,0.6,0.9,1,2.1,4.6
64591,47.6,7.86,7.06,6.01,0.77,1.47,0.05,0,23.2,15.3,4.2,0.9,2.5,22.9,98.7,3.9,,26.3,67.8,0,0,0.2,0.6,2.1,3
64596,60,6.05,5.21,5.03,0.31,0.6,0.34,0,26.3,12.9,4.4,0.5,1.9,19.7,74.9,1.9,,28.2,46.5,0,0.2,0.6,1.3,9,14.2
64597,47,7.38,6.61,6.17,0.33,0.7,0.39,0,22.4,13.2,3.9,0.5,1.7,19.3,86.2,2.2,,27,62.3,0,0,0.2,0.9,3.5,6.1
64599,40,6.06,5.08,4.96,0.11,0.19,0.24,0,25.8,14.5,3.5,0.5,1.5,20,77.6,1.8,,28.4,58.5,0,0,0.1,0.7,4,8.3
64602,52.7,7.05,6.02,5.87,0.29,0.52,0.45,0,27.8,15,4.3,0.5,2.2,22,79.2,1.8,,27.5,52.5,0,0,0.3,0.5,6.4,12.8
64604,46.7,6.05,5.09,4.98,0.27,0.59,0.44,0,24.7,13.7,3.5,0.5,1.8,19.6,79.2,2.2,,30.2,61,0,0,0.1,0.5,2.2,6
64605,44,7.2,6.2,6.02,0.11,0.25,0.1,0,20.1,12.4,2.8,0.6,2,17.8,88.4,3,,19.8,56.4,0,0,0,1.7,9.7,12.4
64607,43.3,9.04,8.03,6.67,0.35,0.7,0.12,1,24.7,,,2.1,2.6,,,8.5,2.2,25.9,58.9,0,0,0.2,0.9,5.1,6.8
64608,49.3,7.37,6.1,5.92,0.2,0.43,0.13,0,22.1,12.3,3.1,0.7,1.9,18,81.4,3.2,,23.6,64.2,0,0,0.3,1,3.2,7.7
64611,47.7,7.76,6.01,5.84,0.15,0.44,0.09,0,23.6,14.2,2.8,0.5,1.6,19.1,80.9,2.1,,21,64.4,0,0,0.1,2.7,3.3,8.5
64612,47.9,6.36,5.29,5.09,0.09,0.26,1.61,0,21.5,11.3,2.9,0.5,1.5,16.2,75.3,2.3,,19.8,66.3,0,0,0.1,0.5,4.4,8.9
64617,38.3,8.64,6.76,6.28,0.07,0.19,0.3,0,15.7,8,2.3,1.4,1,12.7,80.9,8.9,,22.3,54.5,0,0,0.3,0.8,8.1,14
64619,44,7.01,6.2,6.02,0.22,0.54,0.43,0,16.3,8.9,1.9,0.6,1.7,13.1,80.4,3.7,,24.5,62.5,0,0,0,0.3,3.2,9.5
64620,42,6,5.3,5.1,0.17,0.4,1.47,0,18.1,8.2,2.5,0.4,2.1,13.2,72.9,2.2,,20.1,58.6,0,0,0,0.4,8.6,12.3
64622,46.7,5.68,5.04,4.92,0.21,0.53,1.74,0,25.2,11.1,3.6,0.8,2.3,17.8,70.6,3.2,,19.8,49.6,0,0,0.4,1.9,10.4,17.9
64623,44.3,6.97,5.99,5.43,0.37,0.75,0.46,0,27.2,14.8,3.3,0.7,2.7,21.5,79,2.6,,32.1,61.8,0,0,0,0.2,1.2,4.7
64625,44,7.2,6.26,6.15,0.24,0.66,0.96,0,25,13.4,3.2,0.6,2.5,19.7,78.8,2.4,,20.1,59.6,0,0.6,0.9,1.8,6.6,10.4
64626,37.3,7.15,5.8,5.72,0.19,0.44,0.32,0,23.2,11.1,3.1,0.5,2.2,16.9,72.8,2.2,,27.2,57.4,0,0,0.4,2.5,4.9,7.6
64628,52.4,5.71,5.12,4.91,0.16,0.3,1.67,0,28.3,13.5,3.1,0.6,2.9,20.1,71,2.1,,23.6,60.1,0,0,0.5,1.2,5.4,9.2
64631,54,6.14,5.4,5.3,0.19,0.53,1.49,0,22.3,11,2.2,0.5,2.6,16.3,73.1,2.2,,20.2,58.4,0,0,0.2,4.1,7.1,10
64632,43.3,8.01,6.27,5.47,0.2,0.38,0.1,0,24.2,14.2,3,1.3,2.1,20.6,85.1,5.4,,23.6,65.6,0,0,0.1,0.9,3.1,6.7
64634,39.7,6.6,5.66,5.58,0.12,0.26,1.39,0,21,10.5,2.9,0.4,1.9,15.7,74.8,1.9,,21.6,61.7,0,0,0,1.2,5.1,10.4
64637,44.2,9.57,7.92,8.66,0.97,2.31,0.14,3,30.1,,,6.2,3.3,,,20.6,1.8,26.5,54.2,0,0,0.2,0.6,7.1,9.6
64638,48,5.97,5.29,5,0.21,0.46,0.21,0,15.9,7.3,2.1,0.4,1.4,11.2,70.4,2.5,,25.6,52.3,0,0,0.1,0.5,9.9,11.6
64639,43.7,8,6.89,6,0.22,0.42,0.12,0,25.3,16,3.4,1.1,1.8,22.3,88.1,4.3,,24.6,62.9,0,0.1,0.5,0.9,3.2,7.8
64640,52.7,7.73,6.18,5.62,0.1,0.23,0.05,0,25.3,14.2,3.5,0.5,2.2,20.4,80.6,2,,17.8,57.3,0,0.1,0.2,0.6,9.2,14.8
64642,46.7,7.72,6.26,5.6,0.29,0.58,0.33,0,24.4,14.4,2.7,0.6,1.9,19.6,80.3,2.5,,30.1,54.2,0,0,0,0.5,5,10.2
64643,39.3,7.52,6.45,6.1,0.22,0.46,0.15,0,25.7,15.3,3.3,0.6,1.7,20.9,81.3,2.3,,29.6,58.8,0,0,0,0.5,3.2,7.9
64651,41.7,7.51,6.32,5.54,0.29,0.6,0.21,0,27.9,17,3,0.8,1.9,22.7,81.4,2.9,,26.8,63,0,0,0.2,0.6,3.1,6.3
64652,36.4,7.36,5.78,5.52,0.12,0.29,0.09,0,16.6,10.2,3.3,0.4,1.4,15.3,92.2,2.4,,16.8,56.2,0,0,0.1,0.2,9.8,16.9
64655,40.3,5.55,4.89,4.8,0.11,0.31,1.8,0,20.2,9.3,1.8,0.3,1.7,13.1,64.9,1.5,,19.9,64.3,0,0,0.1,1.1,5.7,8.9
64658,40,6.23,5.11,5,0.2,0.39,1.27,0,24.3,13.2,3.4,0.4,1.3,18.3,75.3,1.6,,22.2,60.3,0,0.1,0.3,1.3,4.4,11.4
64659,47,7.3,6.17,5.26,0.26,0.61,0.23,0,22.5,13,3.2,0.5,1.2,17.9,79.6,2.2,,27.7,65.2,0,0,0.1,0.6,2.2,4.2
64661,60.1,9.65,8.48,8.15,1.27,1.4,1.53,3,19.7,,,5.2,2.6,,,26.4,3.2,19.6,74.2,0,0,0.1,0.2,1.1,1.6
64662,45,5.86,4.84,4.62,0.29,0.61,1.43,0,25.5,12.2,2.7,0.5,2.4,17.8,69.8,2,,22.6,65.1,0,0,0.1,0.6,4.3,7.3
64664,56.7,8.88,7.82,7.25,0.62,1.01,0.34,3,22.4,,,3.3,2.5,5.8,25.9,14.7,10.2,24.3,56.1,0,0.1,0.2,0.6,3.3,5.2
64669,43.7,6.3,5.72,5.67,0.18,0.32,1.1,0,17.2,9.5,2.1,0.3,1.5,13.4,77.9,1.7,,21.2,58.9,0,0.1,0.3,0.9,6.7,11.9
64673,53.3,7.07,6.2,5.7,0.21,0.52,0.68,0,27.2,13.5,3.7,1,2.2,20.4,75,3.7,,29.6,60,0,0,0.1,0.6,2.9,6.8
64674,47.4,6.63,5.17,4.97,0.18,0.34,0.43,0,21.7,11.5,2.7,0.4,1.2,15.8,72.8,1.8,,25.5,58.9,0,0,0.1,0.6,5.8,9.1
64676,49.7,5.64,5.1,4.92,0.2,0.42,1.7,0,22,9.8,2.8,0.3,1.3,14.2,64.5,1.4,,19.1,56.2,0,0.1,0.2,1.4,9.4,13.6
64677,37.3,6.33,5.31,5.16,0.19,0.41,1.65,0,24.8,13.1,3.3,0.5,1.7,18.6,75,2,,21.3,68.6,0,0.2,0.5,0.9,2.7,5.8
64679,43.7,8.29,7.29,7.12,0.06,0.26,1.34,0,18.5,11.4,2.4,1,1.9,16.7,90.3,5.4,,20.3,52.1,0,0.2,0.4,1.2,10.6,15.2
64682,43.7,5.6,4.88,4.69,0.22,0.39,1.15,0,17.8,8,2.2,0.3,1.4,11.9,66.9,1.7,,22,54.3,0,0.1,0.3,3.7,6.4,13.2
64683,40.3,7.38,6.37,6.18,0.07,0.27,0.05,0,25.2,10.2,3,1.5,2.5,17.2,68.3,6,,19,65.3,0,0,0.1,1.5,3.9,10.2
64686,52,6.96,5.92,5.15,0.17,0.34,0.13,0,24.3,12,2.7,0.9,2.7,18.3,75.3,3.7,,26.9,56.3,0,0,0.1,1.1,6.5,9.1
64687,42.7,5.7,5,4.89,0.22,0.56,1.33,0,17.5,9,1.8,0.3,1.1,12.2,69.7,1.7,,19.6,49.1,0,0,0.5,3.1,10.2,17.5
64688,47.7,6.9,6.1,5.4,0.32,0.52,0.18,0,20.4,11.1,2.2,0.6,2.5,16.4,80.4,2.9,,25.3,60.2,0,0,0.2,1.6,5.9,6.8
64689,40.3,6.3,5.22,5.02,0.15,0.34,1.67,0,24.2,13.3,2.7,1.1,1.4,18.5,76.4,4.5,,26.8,60,0,0,0.6,0.9,4.9,6.8
64690,41.7,8.36,7.6,7.47,0.16,0.36,0.04,1,14.8,,,0.9,2.1,,,6.1,0.9,15.6,48.9,0,0.1,0.6,2.6,12.9,18.4
64696,41.7,9.05,8.15,8,0.51,1,0.19,1,24.5,,,3.7,3.5,,,15.1,1.1,18.6,45.6,0,0.1,0.5,2.9,12.2,19
64698,43.3,7.02,6.8,6.66,0.29,0.72,0.07,0,26.7,13.8,3.2,1.6,2.7,21.3,79.8,6,,17.4,67,0,0,0.1,0.9,4.9,9.7
64700,40.7,6.78,5.74,5.63,0.38,0.61,0.09,0,19.7,9.8,2.5,1,2.2,15.5,78.7,5.1,,20.1,48.2,0,0.2,0.3,2,13.2,16
64701,40.3,6.74,5.64,4.97,0.12,0.31,0.3,0,23,12.1,3.1,0.6,2.4,18.2,79.1,2.6,,28.8,48.4,0,0,0.2,2.1,8.2,12.3
64705,43.7,6.8,5.82,5.72,0.19,0.46,1.22,0,20.6,11.8,2.8,0.4,1.8,16.8,81.4,1.9,,22.1,62.1,0,0,0.6,0.9,6.2,8.1
64709,60.7,8.22,7,6.77,0.45,0.82,0.1,1,30.1,,,1,1.7,,,3.3,0.9,31.2,59.2,0,0,0,0.9,2.9,4.9
64710,55,7.72,6.98,6.45,0.31,0.74,0.38,1,27.8,,,1.1,2.2,,,4,0.7,29.6,56.9,0,0,0.2,0.6,3.1,8.9
64711,50.3,5.93,5.29,5.21,0.49,0.92,1.06,0,19.3,10.2,2.3,0.4,1.4,14.3,74.1,2.1,,21.4,42.5,0,0.1,0.2,0.6,12.1,23.1
64713,42.7,7.2,6.01,5.93,0.38,0.74,0.12,0,23.3,12.9,3,0.4,2.5,18.8,80.7,1.7,,25.6,62.2,0,0,0.1,0.6,3.4,8.1
64714,36.7,7.06,6.04,5.8,0.06,0.16,0.35,0,17.6,9,1.9,0.4,1.8,13.1,74.4,2.3,,21.2,50.1,0,0,0,1.6,11.3,15.8
64716,50.7,7.1,6.2,5.93,0.18,0.36,0.1,0,21.4,11.6,2.9,0.6,1.8,16.9,79,2.8,,23.3,59.5,0,0,0.1,1.3,6,9.8
64717,37,9.13,8.03,7,0.19,0.57,0.08,1,24.7,,,2.7,2.6,,,10.9,0.8,18.9,56.2,0,0,0.3,1,8.7,14.1
64718,50,5.75,5.05,4.86,0.19,0.37,1.35,0,27.8,12.1,3.6,0.7,2.5,18.9,68,2.5,,26.5,59.1,0,0,0.2,0.8,4.9,8.5
64719,46.7,6.02,5.32,5.14,0.09,0.31,1.03,0,17.5,9,2.3,0.9,1.7,13.9,79.4,5.1,,21.7,57.8,0,0.3,0.5,0.8,6.5,12.4
64720,37.3,7.2,5.93,5.2,0.16,0.32,0.1,0,21,11.5,3,0.6,1.5,16.6,79,2.9,,21.3,58.6,0,0.5,0.9,1.6,7.6,9.5
64723,45.3,8.65,7.69,7.21,1.68,2.26,0.35,1,18.6,,,2,2.2,,,10.8,0.8,27.4,62.1,0,0,0.2,1.1,3.2,5.2
64730,48.7,6.85,6.76,6.68,0.22,0.67,1.17,0,20.4,10.4,2.8,0.5,2,15.7,77,2.5,,21.6,59.8,0,0.1,0.2,0.9,5.3,12.1
64731,38.3,9.16,7.77,7.7,0.81,1.72,2.26,1,22.2,,,5.6,3,,,25.2,0.7,22.8,62.1,0,0,0.9,1.5,4.9,7.1
64732,42,6.45,5.8,5.72,0.22,0.48,1.05,0,19.3,9.4,2.2,0.9,2.2,14.7,76.2,4.7,,17.8,67.8,0,0,0.2,0.9,4.6,8.7
64733,33.3,6,5.11,5,0.05,0.14,1.48,0,19.6,8.7,2.1,0.4,2.5,13.7,69.9,2,,22.3,64.2,0,0,0,0.6,3.9,9
64734,45.7,8.3,7,6.72,0.32,0.74,0.15,1,26.4,,,1.7,2.7,,,6.4,1.1,28.6,60.8,0,0,0.2,0.5,2.9,5.9
64738,47.3,9.13,8.12,8.01,0.46,0.99,1.32,2,24.1,,,5.4,2.9,,,22.4,2.1,26.9,63.2,0,0.2,0.6,0.6,2.3,4.1
64739,40.7,7.1,5.75,4.98,0.08,0.2,0.08,0,24.3,13.2,3.1,0.5,2.3,19.1,78.6,2.1,,18.9,53.6,0,0,0.1,1.1,10,16.3
64740,51.7,7.25,6.06,5.49,0.25,0.5,0.58,0,27.9,14.7,4,0.8,2.1,21.6,77.4,2.9,,27.2,62.7,0,0,0,1.1,3.1,5.9
64742,44.5,6.06,5.16,5,0.1,0.21,1.68,0,22,10.9,2.9,0.4,1.8,16,72.7,1.8,,20,65,0,0,0.1,2.4,5.4,7.1
64744,50.7,6.91,5.21,4.98,0.2,0.4,0.4,0,25.4,13.2,3.2,0.8,1.9,19.1,75.2,3.1,,27.7,63,0,0,0.1,0.9,2.9,5.4
64745,46.7,7.02,6.15,6,0.18,0.36,0.05,0,18.7,9,2.5,0.6,1.9,14,74.9,3.2,,19.6,58.9,0,0,0.2,0.9,6.9,13.5
64746,54,8.73,7.62,7.12,0.4,0.68,0.15,1,25.2,12.2,3.5,2.3,2.8,,,9.1,0.8,28,56.2,0,0,0,1,5,9
64747,53.7,7.1,5.96,5.3,0.2,0.57,0.2,0,22.9,13.5,3.4,0.6,1.5,19,83,2.6,,22.6,67.8,0,0,0,0.5,3.1,6
64749,32.7,7.14,6.1,5.83,0.11,0.26,0.15,0,18.5,10.1,3.1,0.7,1.4,15.3,82.7,3.8,,23.2,60,0,0,0.6,1.2,5.4,9.6
64751,42,8.94,7.9,7.81,0.26,0.59,0.33,0,17.2,7.6,2.2,2.2,1.5,13.5,78.5,12.8,,19.5,59.6,0,0,0.2,0.4,8.7,11.6
64752,36.7,8.31,8.3,8,0.2,0.42,0.17,0,19.2,10.2,3.2,1.2,1.3,15.9,82.8,6.3,,26.4,62.3,0,0,0,0.8,3.7,6.8
64753,36.7,7.25,5.71,5.08,0.26,0.45,0.42,0,25.3,13.4,4.1,1,1.7,20.2,79.8,4,,27.5,56.3,0,0,0.2,0.6,6.4,9
64755,43.7,5.34,4.59,4.46,0.21,0.63,1.4,0,18.9,8,2.3,0.3,2.1,12.7,67.2,1.6,,23.4,63.2,0,0,0.2,0.9,3.2,9.1
64756,46.7,8.3,7.41,7.08,0.27,0.56,0.32,0,26.2,16.3,4.6,1.1,2,24,91.6,4.2,,27.2,63.2,0,0,0.2,1.3,3.2,4.9
64757,43.3,7.4,6.4,6.16,0.23,0.5,0.24,0,21.6,11.2,3,0.5,2.2,16.9,78.2,2.3,,25.9,60.5,0,0.2,0.5,0.7,5,7.2
64758,47,7,5.89,5.76,0.1,0.3,0.4,0,26.1,13.2,3.2,1,2.2,19.6,75.1,3.8,,30.2,60.4,0,0,0.2,0.9,2.7,5.6
64761,47.7,8.37,7.27,6.92,0.24,0.5,0.1,1,17.2,,,3,2.3,,,17.4,1,18.2,53.9,0,0.2,0.8,1.7,8.9,15.3
64763,47.7,8.88,7.86,7.42,1.12,2,0.08,1,29.3,,,5.7,2.1,,,19.5,0.8,31.8,59.3,0,0,0,0.3,2.6,5.2
64767,40,7.8,6.85,6.57,0.47,0.9,0.13,1,22.9,,,1.5,3,,,6.5,17.7,23.6,48,0,0,0.1,0.2,3.4,7
64768,40,6.28,5.31,5.22,0.11,0.24,1.86,0,22.3,12,3.1,0.5,1.7,17.3,77.6,2.2,,22.3,51.1,0,0,0.2,1.3,7.8,17.3
64771,40.1,7.12,5.77,5.52,0.19,0.43,0.24,0,26.2,14,3.6,1.2,2.3,21.1,80.5,4.6,,28.6,57.6,0,0.8,0.9,1,3.7,7.4
64772,36.7,9.7,8.82,8.47,0.74,1.22,0.1,0,27.5,14.9,4.8,5,3.2,27.9,101.5,18.2,,26,52.6,0,0.1,0.2,1.3,6,13.8
64773,33.3,6.82,5.7,5.32,0.05,0.12,0.1,0,18.9,9.8,2.2,0.7,2.3,15,79.4,3.7,,18.5,58.9,0,0.3,0.8,1.7,8.2,11.6
64774,46.7,6.93,5.9,5.66,0.13,0.26,0.15,0,23.6,11.9,2.8,0.8,3.2,18.7,79.2,3.4,,20,62.3,0,0,0.6,0.9,6.5,9.7
64782,46.7,6.92,6,5.83,0.33,0.8,0.32,2,28.2,14.4,4,0.6,3.2,22.2,78.7,2.1,18.4,16.2,46.4,0,0,0.6,2.2,6.3,9.9
64784,40,7.22,6.8,6.41,0.1,0.25,0.29,0,19.1,10.6,2.3,0.6,1.5,15,78.5,3.1,,24.5,65.6,0,0,0.5,0.9,3.5,5
64785,50.3,7.66,6.71,6.43,0.28,0.8,0.06,0,27.3,15,4,0.7,2.7,22.4,82.1,2.6,,26.5,67.2,0,0,0.2,0.6,1.9,3.6
64787,40,5.9,5,4.84,0.11,0.35,1.65,0,22.1,10.3,3,0.4,1.5,15.2,68.8,1.8,,24,54.3,0,0.1,0.6,1.2,7,12.8
64788,37,6,5.06,4.83,0.21,0.4,0.96,0,18.1,9,2.2,0.4,1.3,12.9,71.3,2.2,,20.9,58.9,0,0,0.5,0.9,7.8,11
64790,42,9.24,8.02,7.89,0.19,0.34,0.28,3,23.1,,,3.7,2.4,,,16,19.1,18.9,50.1,0,0.2,0.4,0.7,5,5.6
64791,45.3,5.7,4.87,4.8,0.12,0.28,1.04,0,15.9,7.6,1.7,0.5,2,11.8,74.2,3.1,,21.2,59.6,0,0.3,0.5,1.7,5.9,10.8
64793,43.7,7.05,6,5.89,0.22,0.53,0.27,0,26,14.3,3.3,1.2,1.7,20.5,78.8,4.6,,28.6,56.8,0,0.2,0.4,0.8,6.1,7.1
64794,47,7.98,7.18,7,0.27,0.68,0.05,0,20.4,12.3,2.9,0.7,1.9,17.8,87.3,3.4,,19,58,0,0,0,1.1,8.2,13.7
64796,43.3,6.3,5.39,5.23,0.13,0.32,1.35,0,22.9,11.2,2.4,0.7,1.8,16.1,70.3,3.1,,21.6,63.2,0,0,0.2,0.4,4.8,9.8
64797,40.3,6.9,5.44,4.9,0.16,0.39,0.49,0,26.3,14.8,3.7,1,2.6,22.1,84,3.9,,31.2,59.8,0,0,0.2,0.5,3.8,4.5
64798,40.3,5.68,4.83,4.45,0.19,0.33,1.51,0,18.1,8.7,2.2,0.4,1.5,12.8,70.7,2.2,,22.7,61.6,0,0,0,0.1,7.3,8.3
64799,47,5.95,5.78,5.21,0.3,0.67,0.38,0,30.1,15.8,4,0.5,2.2,22.5,74.8,1.7,,32.3,61.2,0,0.3,0.5,0.9,1.9,2.9
64801,40.3,8,6.55,6,0.07,0.2,0.07,0,14.6,7.8,2.4,0.9,1.7,12.8,87.7,6.2,,15.8,40,0,0.1,0.2,1,18.4,24.5
64803,43.7,7.35,6.39,6.17,0.12,0.36,0.05,0,18.5,10.2,2.5,0.5,1.9,15.1,81.6,2.7,,19,52.3,0,0,0.1,2,12.1,14.5
64805,54.3,6.83,5.8,4.93,0.17,0.33,0.16,0,26.5,13.4,3.5,0.9,2,19.8,74.7,3.4,,28.2,58.7,0,0,0.2,0.9,4.1,7.9
64807,40.4,7.33,5.89,5.6,0.1,0.23,0.07,0,18.6,10.4,2.3,0.4,2.2,15.3,82.3,2.2,,14.9,39.8,0,0,0,2,19.1,24.2
64812,40.3,5.85,4.88,4.53,0.23,0.35,1.59,0,25.6,13,2.6,0.4,2.3,18.3,71.5,1.6,,22,55.1,0,0.1,0.2,0.5,10.2,11.9
64814,41.3,7.5,6.6,6.43,0.15,0.36,1.08,0,15.3,7.8,2.1,0.6,1.9,12.4,81,3.9,,18.6,36.4,0,0,0.1,4,18.1,22.8
64819,45,7.14,6.14,5.99,0.08,0.3,0.36,0,22.6,12.8,2.7,0.4,2.1,18,79.6,1.8,,26.4,60,0,0,0.2,1,3.9,8.5
64824,47.3,5.97,5.11,5,0.11,0.3,1.54,0,22.8,11.5,2.4,0.5,1.9,16.3,71.5,2.2,,24.5,60.3,0,0,0.7,0.9,5.1,8.5
64827,36.7,8.66,7.36,6.59,0.12,0.35,0.05,0,16.7,9.2,2.5,1.1,2,14.8,88.6,6.6,,17.3,53.2,0,0,0.3,0.8,12.2,16.2
64830,50,7.15,6.05,5.9,0.1,0.23,0.1,0,24.3,14,3.1,0.6,1.8,19.5,80.2,2.5,,28,56.2,0,0,0.2,0.9,5,9.7
64831,40.3,6.77,5.6,4.94,0.19,0.39,0.37,0,25.3,11.8,3.4,0.4,2.7,18.3,72.3,1.6,,29.2,55.3,0,0,0.5,0.7,6.3,8
64833,40.7,9.24,8.02,7.92,0.31,0.63,0.05,0,26.5,10.7,3.5,4.6,2.5,21.3,80.4,17.4,,18.3,70.3,0,0.3,0.7,1,3.3,6.1
64837,47,6.7,5.46,4.99,0.16,0.42,0.45,0,22.2,12.2,2.8,0.8,1.3,17.1,77,3.6,,25.3,60.3,0,0.3,0.9,1.2,4.7,7.3
64838,38.7,6.74,5.79,5.69,0.11,0.28,1.19,0,17.8,9.5,2.2,0.5,1.7,13.9,78.1,2.8,,20.3,65.3,0,0,0.3,1.1,4.6,8.4
64839,47.3,5.7,4.9,4.64,0.14,0.3,0.08,0,20.2,10,2,0.4,1.5,13.9,68.8,2,,21,62.1,0,0.1,0.8,1.1,5.5,9.4
64841,55,7.63,6.48,5.82,0.2,0.39,0.34,0,22.9,12.8,3,0.6,1.9,18.3,79.9,2.6,,28.2,60,0,0.2,0.7,2.8,3.8,4.3
64843,49.3,6.2,5.17,5.02,0.11,0.31,1.18,0,20.2,10.1,2.2,0.5,1.2,14,69.3,2.5,,18.7,57.6,0,0,0,0.9,6.3,16.5
64845,41.3,8.9,8.06,7.97,1.03,1.42,0.46,3,28.3,,,5.2,2.9,,,18.4,14.3,24.3,49.3,0,0.2,0.6,1,4.6,5.7
64846,34.7,6.13,5.25,5.02,0.14,0.28,,0,23.1,11,2.5,0.5,1.8,15.8,68.4,2.2,,24.5,59.3,0,0.1,0.3,1,5.6,9.2
64850,41.7,7,6.13,6,0.34,0.7,0.37,0,24.2,13.8,2.9,0.4,1.2,18.3,75.5,1.4,,27.9,58.3,0,0,0.3,0.8,3.5,9.2
64853,46,5.65,4.94,4.89,0.15,0.4,1.24,0,17.8,8.6,2,0.5,1.3,12.4,69.7,2.8,,22.1,60.3,0,0.6,0.9,1.2,4.6,10.3
64854,41.7,5.81,4.68,4.58,0.05,0.22,1.19,0,22.1,11.2,2.6,0.4,1.8,16,72.4,1.8,,24.6,65.3,0,0,0.2,0.3,3.6,6
64861,50.7,6.05,5.83,5.27,0.27,0.6,1.69,0,28.7,14.5,3.6,2,2.5,22.6,78.7,7,,24,52.6,0,0,0.1,1.2,10.3,11.8
64863,52,7.2,6.43,6.21,0.3,0.76,0.2,0,28.7,16.3,3.8,0.9,2.2,23.2,80.8,3.1,,30.6,62.6,0,0,0.3,0.8,2.3,3.4
64864,47,8.75,7.15,6.82,0.41,0.71,0.1,2,22.1,,,2.1,1.8,,,9.5,1.8,18.6,60,0,0.5,0.9,1.7,7,9.5
64866,40,5.75,5.12,4.97,0.16,0.35,1.46,0,28.4,12.4,3.3,0.5,2.7,18.9,66.5,1.8,,25.8,52.4,0,0.1,0.5,3.3,7.7,10.2
64872,40,6.21,5.42,5.28,0.1,0.32,1.26,0,26.2,13.2,3.7,0.5,2.5,19.9,76,1.9,,24.6,54.6,0,0,0.1,0.8,6,13.9
64873,47.7,5.8,4.98,4.91,0.14,0.31,1.47,0,18.3,8.3,2.2,0.5,1.6,12.6,68.9,2.7,,20.1,61.2,0,0,0.2,0.6,6.6,11.3
64877,37.7,7.5,6.32,5.49,0.1,0.3,0.1,0,20.5,11.5,2.9,0.8,2.1,17.3,84.4,3.9,,21,60.1,0,0,0.5,1.2,6.3,10.9
64879,52.8,5.58,4.96,4.71,0.16,0.32,1.64,0,26.1,12.8,2.2,0.7,1.7,17.4,66.7,2.7,,25,67.9,0,0.1,0.3,0.9,1.5,4.3
64881,37.3,8.2,7.35,7.22,0.55,1.34,1.13,0,17.9,11.2,2,2.3,2.3,17.8,99.4,12.8,,19.7,58.3,0,0.1,0.6,0.9,9,11.4
64882,54.3,7.7,6.58,6.02,0.21,0.43,0.15,0,28.5,14.7,3.6,1.5,2.8,22.6,79.3,5.3,,33,54.3,0,0,0.1,0.5,4.4,7.7
64886,46.7,7.25,6.42,6.39,0.18,0.45,0.31,0,26.3,13.8,3.4,0.9,2.3,20.4,77.6,3.4,,27.3,50,0,0.1,0.2,0.3,9.8,12.3
64887,45,9.21,7.82,7.7,0.34,0.8,1.32,2,23.4,,,3.3,2.1,,,14.1,1.9,20.1,61,0,0.1,0.3,0.6,7.8,8.2
64888,50,6.98,5.72,5.02,0.12,0.46,0.31,0,29.1,14.2,3.8,0.6,3,21.6,74.2,2.1,,28.9,58.1,0,0,0.1,0.3,2.7,9.9
64891,46.7,7.38,5.9,5.8,0.1,0.37,0.1,0,28.1,14.8,4.2,0.5,2.6,22.1,78.6,1.8,,31.8,59.3,0,0,0,0.2,1.8,6.9
64892,48.3,7.42,6.26,6.01,0.2,0.38,0.15,0,28.6,16.3,3.7,0.9,1.8,22.7,79.4,3.1,,32.1,56,0,0,0,0.7,5,6.2
64895,43.7,9.4,8.31,8.02,0.35,0.86,0.05,2,22.4,,,4,2.6,,,17.9,1.2,21.3,48.9,0,0,0,1.9,9.6,17.1
64898,40,8.22,7.2,7.01,0.18,0.53,0.05,1,19.4,,,0.9,1.8,,,4.6,1.8,20.3,49,0,0,0.2,1.6,9.8,17.3
64903,45,6.25,5.36,5.24,0.12,0.39,1.68,0,19.3,10.3,2.2,0.4,1.5,14.4,74.6,2.1,,23.2,59,0,0.2,1,2.8,4.5,9.3
64905,42,6.86,6,6.48,0.25,0.51,1.2,0,17.4,8.3,2.6,0.4,2.3,13.6,78.2,2.3,,22.3,62.8,0,0.2,0.6,1.1,4.9,8.1
64907,48.7,6.82,5.8,5.41,0.12,0.27,0.36,0,27,13.8,3.8,0.7,2.5,20.8,77,2.6,,29.8,44.3,0,0,0,1.2,9.5,15.2
64908,50,5.44,4.6,4.42,0.31,0.75,1.35,0,24.7,10.9,3,0.6,1.9,16.4,66.3,2.4,,23.6,56.3,0,0.8,0.9,1.4,4.4,12.6
64910,43,7.65,6.64,6.34,0.18,0.34,0.13,0,20.7,12.3,3,0.5,1.2,17,82.1,2.4,,19.5,66.8,0,0.2,0.8,0.9,3.8,8
64913,44,9.33,8.09,7.93,0.36,0.93,0.5,3,21.6,,,4,1.6,5.6,25.9,18.5,26.3,23.5,45.6,0,0,0.3,0.8,1.3,2.2
64916,43,6.68,5.52,5.45,0.1,0.24,1.39,0,19.3,10,2.4,0.4,1.4,14.2,73.6,2.1,,21.3,59.8,0,0,0.3,1.2,5.6,11.8
64917,44,7.13,6.13,6.02,0.44,0.92,1.33,0,23.6,12.8,3.2,0.6,1.9,18.5,78.4,2.5,,20,60.6,0,0,0.2,0.9,7,11.3
64919,47,9.11,7.89,7.36,0.54,0.77,0.38,1,22.9,,,4.1,2.7,,,17.9,0.9,25.9,51,0,0,0.2,1.9,9.1,11
64921,40.7,7.65,6.8,6.65,0.27,0.57,0.05,2,25.4,,,0.7,1.8,,,2.8,1.5,22.5,69.2,0,0,0.2,0.9,2.2,3.5
64923,45,6.9,5.7,5.08,0.19,0.38,0.39,0,28.7,16.3,3.4,0.5,2.1,22.3,77.7,1.7,,29,57.6,0,0,0.2,0.9,4.3,8
64924,33.3,6.71,5.76,5.32,0.14,0.34,0.43,0,29.1,15,3,0.8,2.6,21.4,73.5,2.7,,30.1,59.2,0,0,0.1,0.8,3.7,6.1
64926,33.3,8.46,7.58,7.11,0.18,0.37,0.13,3,25.8,,,1.2,1.3,2.5,9.7,4.7,5.3,24.6,57.2,0,0,0.3,1.2,4.4,7
64929,40,7.39,6.39,5.73,0.19,0.45,0.05,0,26.7,14.3,3.4,0.5,2.5,20.7,77.5,1.9,,28.8,66.6,0,0,0.1,0.2,1,3.3
64930,46.7,6.8,5.8,5.45,0.12,0.3,0.35,0,27.2,13.5,3.8,0.6,3.2,21.1,77.6,2.2,,31,57.6,0,0.2,0.9,1,3.9,5.4
64931,46.7,5.97,5.26,5.19,0.21,0.57,1.39,0,18.6,9.7,2.4,0.4,1.4,13.9,74.7,2.2,,19.9,65.1,0,0.3,0.8,0.9,4,9
64933,36.7,5.6,4.71,4.66,0.28,0.64,1.31,0,21,10.2,2.2,0.3,1.3,14,66.7,1.4,,22.1,66,0,0.1,0.3,0.8,2.7,8
64934,50.7,7.3,5.99,5.16,0.15,0.55,0.3,0,26.2,14.5,3.4,0.7,2.2,20.8,79.4,2.7,,28.9,61.9,0,0,0.3,0.9,2.8,5.2
64935,38.7,6.9,5.87,5.58,0.18,0.4,1.39,0,19.6,10.4,2.1,0.3,1.5,14.3,73,1.5,,18.6,38.1,0,0.1,0.2,3.2,17.8,22
64936,40.3,6,5.11,5,0.12,0.28,1.42,0,22.3,12.3,2,0.4,1.5,16.2,72.6,1.8,,21.7,60.1,0,0,0.5,0.9,7.2,9.6
64937,43.7,6.01,5.17,5,0.12,0.28,1.13,0,21.7,11.5,1.9,0.5,1.4,15.3,70.5,2.3,,18.9,58.9,0,0,0.5,0.9,8.9,11.9
64938,34,8.93,7.86,7.81,0.31,0.86,0.1,1,16.5,,,1.7,2.4,,,10.3,0.8,15.6,39.8,0,0,0.1,3,17.6,23.1
64945,43.7,6.45,6.01,5.95,0.07,0.19,1.16,0,22.8,11.2,2.3,0.8,2.2,16.5,72.4,3.5,,22.3,59.6,0,0.2,0.8,1,3.5,12.6
64946,37.3,7.7,6.3,6.05,0.05,0.12,0.05,0,22.3,12.1,2.3,0.7,2.5,17.6,78.9,3.1,,16,38.2,0,0,0.5,3.1,17.5,24.7
64947,43.3,10.01,8.64,7.83,0.94,1.32,0.19,2,28.9,,,9.5,3.2,,,32.9,3.2,27.2,53.9,0,0.1,0.2,0.4,6.4,8.6
64948,36.7,6.87,5.86,5.31,0.12,0.32,0.19,0,20.7,9.8,2.6,0.6,2.8,15.8,76.3,2.9,,28.3,57.4,0,0.1,0.6,1,4.5,8.1
64949,40,7.3,5.8,5.74,0.08,0.19,0.43,0,17.2,8.8,2,0.4,1.5,12.7,73.8,2.3,,23.2,42.4,0,0.1,0.2,2.4,12,19.7
64950,45,7.5,6.56,6.48,0.16,0.35,0.08,0,27.5,16.4,3.7,0.4,1.7,22.2,80.7,1.5,,29.3,59.2,0,0,0.6,0.9,4.1,5.9
64953,43.7,7.15,6.2,6.02,0.35,0.73,0.05,0,27.2,14.3,4,0.5,2.2,21,77.2,1.8,,20.3,50.2,0,0,0.1,1.6,10.3,17.5
64960,36.7,7.8,7.75,7.42,0.08,0.18,0.1,0,21.4,11.2,3.2,0.9,2.3,17.6,82.2,4.2,,26.5,63.1,0,0,0.1,0.7,4,5.6
64966,44,7.68,6.37,5.67,0.19,0.45,0.1,0,25,14.3,4,0.4,1.7,20.4,81.6,1.6,,28.6,56.1,0,0,0.1,0.6,3.8,10.8
64968,45,7.45,6.48,6.28,0.08,0.2,0.07,0,14,7.9,2.2,0.3,1.2,11.6,82.9,2.1,,15.6,40,0,0,0.6,2.6,16.3,24.9
64970,38.7,8.64,7.42,7.15,0.21,0.56,0.23,1,27.8,,,2.3,2.2,,,8.3,1,27,39,0,0,0,1.8,14.9,16.3
64971,42.7,5.85,4.87,4.82,0.14,0.3,1.32,0,19.8,9.8,3.2,0.5,1.4,14.9,75.3,2.5,,20.1,60.3,0,0,0,0.6,8.4,10.6
64972,36.7,6.24,5.31,5.08,0.56,1.26,1.08,0,27.4,13.5,2.6,1.2,1.6,18.9,68.8,4.4,,24,60,0,0.5,0.9,1,4.9,8.7
64973,46.7,6.94,6.21,6,0.15,0.32,1.83,0,23.2,12.3,2.8,1.1,1.4,17.5,75.5,4.7,,23,69.1,0,0.1,0.6,0.9,2.1,4.2
64974,45.3,8.2,7.2,6.99,0.28,0.56,0.12,1,24.1,,,1.6,2.6,,,6.6,0.7,18.9,62.3,0,0.1,0.3,0.9,5.8,11
64976,44,5.9,5.12,5,0.15,0.47,1.43,0,23.2,12,2.8,0.7,1.4,16.9,72.8,3,,21,59.7,0,0,0.6,1.2,6.9,10.6
64978,40.3,6.82,5.9,5.78,0.12,0.3,0.33,0,25.8,13.1,3.2,0.7,1.6,18.6,72.1,2.7,,28.6,63.1,0,0,0.2,0.6,3.3,4.2
64980,41.7,5.95,5.07,4.97,0.11,0.21,1.14,0,19.5,10.3,2.3,0.4,1.5,14.5,74.4,2.1,,20.3,65,0,0,0.3,1.9,3.6,8.9
64982,44,7.18,6.18,5.9,0.13,0.31,0.1,0,23.1,12.9,3.3,0.9,1.6,18.7,81,3.9,,24.1,59.8,0,0,0.9,3.5,4.5,7.2
64983,47.3,9.13,8.06,7.97,0.45,1.02,0.24,3,24.8,,,4.2,2.4,,,16.9,25.2,24.6,41.1,0,0.1,0.3,0.6,3.7,4.4
64984,42,7.7,6.86,6.52,0.4,0.79,0.13,1,24.2,,,1.4,4.8,,,5.8,2.1,26.3,64.1,0,0,0.2,0.3,2,5
64987,50.3,6.8,5.79,5.7,0.11,0.27,0.42,0,27.3,14.3,4.2,0.5,1.9,20.9,76.6,1.8,,30,61,0,0,0.1,0.9,2.9,5.1
64990,43.3,9.2,8.1,6.7,0.21,0.54,0.05,0,17.9,8.8,1.8,3.8,2.2,16.6,92.9,21.2,,18.9,65,0,0,0.8,2,4.9,8.4
64991,43.7,6.68,5.55,4.98,0.07,0.32,0.35,0,23.6,12,3.4,0.5,2.2,18.1,76.7,2.1,,26.3,45.2,0,0.1,0.2,1.5,10.1,16.6
64993,44,7.06,6,5.92,0.35,0.73,0.36,0,24.4,12.9,4,0.7,1.9,19.5,79.9,2.9,,27.2,64.2,0,0,0.2,0.9,2.8,4.7
64996,50.7,8.72,7.8,7.38,0.21,0.42,0.21,1,22.9,,,1.9,2.3,,,8.3,1,23.6,56.3,0,0.2,0.6,1.5,5.8,11
64997,53.3,6.75,6.01,5.94,0.28,0.54,0.4,0,25.7,13.4,3.2,0.7,2.5,19.8,77,2.7,,28,65.8,0,0,0.2,0.6,2.1,3.3
65000,43.7,9.65,8.68,8.6,0.44,0.95,0.17,2,29.5,,,6.6,3,,,22.4,2.5,32.3,56.9,0,0,0,0.3,3.7,4.3
65001,37.7,6.79,5.78,5.62,0.18,0.46,0.1,0,20.2,12,1.9,0.5,1.5,15.9,78.7,2.5,,26.5,49.8,0,0,0,0.6,6,17.1
65009,40.7,7.48,6.29,5.5,0.1,0.24,0.12,0,18,9.4,3.2,0.4,1.7,14.7,81.7,2.2,,19.2,48.9,0,0,0,0.6,11.8,19.5
65012,42.1,5.39,4.87,4.63,0.41,0.64,1.78,0,24.1,11.3,3,0.5,2.1,16.9,70.1,2.1,,23.5,62.1,0,0,0.1,1.9,4.6,7.8
65015,42,9.99,8.93,8.51,0.5,0.89,0.23,2,26.4,,,6.9,3.7,10.6,40.2,26.1,2.1,27.6,52,0,0,0.3,1.5,6.9,9.6
65018,43.3,5.5,4.84,4.31,0.26,0.59,1.08,0,22,9.3,2.5,0.4,2.4,14.6,66.4,1.8,,20.2,65.9,0,0.1,0.6,1,4.8,7.4
65023,34,6.89,5.55,5.04,0.12,0.25,0.5,0,17.3,9,2.5,0.4,1.7,13.6,78.6,2.3,,19.1,36.5,0,0,0,2.9,18.3,23.2
65027,43.3,6,5.16,5,0.16,0.33,1.25,0,21.3,10.9,2.6,0.4,1.4,15.3,71.8,1.9,,22.3,63.2,0,0,0.1,0.6,3.8,10
65030,46.3,9.61,8.66,8.48,0.99,2.2,0.19,2,27.5,,,5.9,2.7,,,21.5,1.7,30.6,58.3,0,0.2,0.6,1.2,3.2,4.2
65036,43.7,7.79,7.02,6.88,0.31,0.49,0.11,1,28.2,,,1.4,1.9,,,5,1.1,32,54.1,0,0,0.2,0.4,5.1,7.1
65037,45.3,6.52,5.55,5.48,0.22,0.45,0.34,0,22.9,11.3,3.6,0.5,1.7,17.1,74.7,2.2,,28.1,52.1,0,0.2,0.3,0.5,5.5,13.3
65038,41.7,6.77,5.52,5.01,0.13,0.35,0.51,0,23.9,12.1,3.5,0.4,2,18,75.3,1.7,,24.5,61.9,0,0,0.1,0.2,5.8,7.5
65039,47.3,6.03,5.44,5.31,0.21,0.53,1.21,0,27.2,13.9,3.6,1,2.4,20.9,76.8,3.7,,25,68.9,0,0.1,0.3,0.7,1.9,3.1
